{"cameraMode":{"drawMode":0,"name":"Shaded","section":"Shading Mode"},"sceneLighting":false,"audioPlay":false,"sceneViewState":{"m_AlwaysRefresh":false,"showFog":true,"showSkybox":false,"showFlares":true,"showImageEffects":true,"showParticleSystems":true,"showVisualEffectGraphs":true,"m_FxEnabled":true},"in2DMode":false,"pivot":{"x":-0.11030784994363785,"y":0.6387971639633179,"z":0.011391639709472657},"rotation":{"x":-0.09734178334474564,"y":0.013471527956426144,"z":-0.0013283841544762254,"w":-0.995215654373169},"size":0.6081157326698303,"orthographic":false}