{"cameraMode":{"drawMode":0,"name":"Shaded","section":"Shading Mode"},"sceneLighting":false,"audioPlay":false,"sceneViewState":{"showFog":true,"showMaterialUpdate":false,"showSkybox":false,"showFlares":true,"showImageEffects":true,"showParticleSystems":true,"showVisualEffectGraphs":true,"m_FxEnabled":true},"in2DMode":false,"pivot":{"x":-0.027248263359069825,"y":0.43858611583709719,"z":-0.0031545162200927736},"rotation":{"x":-0.17675018310546876,"y":0.5748682618141174,"z":-0.12882277369499207,"w":-0.7884461879730225},"size":0.4480542540550232,"orthographic":false}