{"cameraMode":{"drawMode":0,"name":"Shaded","section":"Shading Mode"},"sceneLighting":true,"audioPlay":false,"sceneViewState":{"m_AlwaysRefresh":false,"showFog":true,"showSkybox":true,"showFlares":true,"showImageEffects":true,"showParticleSystems":true,"showVisualEffectGraphs":true,"m_FxEnabled":false},"in2DMode":false,"pivot":{"x":4.65953254699707,"y":1.7416880130767823,"z":41.59442901611328},"rotation":{"x":0.000020741517801070586,"y":0.997804582118988,"z":-0.00030872831121087074,"w":0.06625165045261383},"size":1.8708301782608033,"orthographic":false}