{"cameraMode":{"drawMode":0,"name":"Shaded","section":"Shading Mode"},"sceneLighting":true,"audioPlay":false,"sceneViewState":{"m_AlwaysRefresh":false,"showFog":true,"showSkybox":true,"showFlares":true,"showImageEffects":true,"showParticleSystems":true,"showVisualEffectGraphs":true,"m_FxEnabled":false},"in2DMode":false,"pivot":{"x":23.073596954345704,"y":-27.229488372802736,"z":82.26970672607422},"rotation":{"x":-0.16158965229988099,"y":-0.15819761157035829,"z":0.026111623272299768,"w":-0.9738578796386719},"size":50.33346176147461,"orthographic":false}