{"cameraMode":{"drawMode":0,"name":"Shaded","section":"Shading Mode"},"sceneLighting":true,"audioPlay":false,"sceneViewState":{"m_AlwaysRefresh":false,"showFog":true,"showSkybox":true,"showFlares":true,"showImageEffects":true,"showParticleSystems":true,"showVisualEffectGraphs":true,"m_FxEnabled":true},"in2DMode":false,"pivot":{"x":0.3541124761104584,"y":-5.507322788238525,"z":13.801921844482422},"rotation":{"x":0.15033382177352906,"y":0.17370614409446717,"z":-0.026841219514608384,"w":0.9729014039039612},"size":13.022601127624512,"orthographic":false}