{"cameraMode":{"drawMode":0,"name":"Shaded","section":"Shading Mode"},"sceneLighting":true,"audioPlay":false,"sceneViewState":{"m_AlwaysRefresh":false,"showFog":true,"showSkybox":true,"showFlares":true,"showImageEffects":true,"showParticleSystems":true,"showVisualEffectGraphs":true,"m_FxEnabled":false},"in2DMode":false,"pivot":{"x":289.16180419921877,"y":860.2605590820313,"z":-572.6349487304688},"rotation":{"x":0.08032867312431336,"y":0.008594106882810593,"z":-0.0004979601944796741,"w":0.9968454241752625},"size":51.950279235839847,"orthographic":false}