{"cameraMode":{"drawMode":0,"name":"Shaded","section":"Shading Mode"},"sceneLighting":true,"audioPlay":false,"sceneViewState":{"m_AlwaysRefresh":false,"showFog":true,"showSkybox":true,"showFlares":true,"showImageEffects":true,"showParticleSystems":true,"showVisualEffectGraphs":true,"m_FxEnabled":false},"in2DMode":false,"pivot":{"x":5.008089065551758,"y":2.295466661453247,"z":7.207630157470703},"rotation":{"x":0.05585683882236481,"y":-0.6386698484420776,"z":0.046769414097070697,"w":0.7661762833595276},"size":0.3464100658893585,"orthographic":false}