{"cameraMode":{"drawMode":0,"name":"Shaded","section":"Shading Mode"},"sceneLighting":true,"audioPlay":false,"sceneViewState":{"m_AlwaysRefresh":false,"showFog":true,"showSkybox":true,"showFlares":true,"showImageEffects":true,"showParticleSystems":true,"showVisualEffectGraphs":true,"m_FxEnabled":false},"in2DMode":false,"pivot":{"x":1.4405041933059693,"y":-4.249305725097656,"z":77.63648986816406},"rotation":{"x":-0.06384508311748505,"y":-0.029292311519384385,"z":0.0017413325840607286,"w":-0.9976242780685425},"size":55.34349060058594,"orthographic":false}