{"cameraMode":{"drawMode":0,"name":"Shaded","section":"Shading Mode"},"sceneLighting":true,"audioPlay":false,"sceneViewState":{"m_AlwaysRefresh":false,"showFog":true,"showSkybox":true,"showFlares":true,"showImageEffects":true,"showParticleSystems":true,"showVisualEffectGraphs":true,"m_FxEnabled":true},"in2DMode":false,"pivot":{"x":-9.059280395507813,"y":2.531221389770508,"z":1.9660568237304688},"rotation":{"x":0.0018615970620885492,"y":-0.9794193506240845,"z":0.009120642207562924,"w":0.20170748233795167},"size":17.993824005126954,"orthographic":false}