{"cameraMode":{"drawMode":0,"name":"Shaded","section":"Shading Mode"},"sceneLighting":true,"audioPlay":false,"sceneViewState":{"m_AlwaysRefresh":false,"showFog":true,"showSkybox":true,"showFlares":true,"showImageEffects":true,"showParticleSystems":true,"showVisualEffectGraphs":true,"m_FxEnabled":true},"in2DMode":false,"pivot":{"x":0.24400804936885835,"y":1.79563307762146,"z":-0.09769069403409958},"rotation":{"x":0.07350613176822663,"y":0.9107317328453064,"z":-0.36198121309280398,"w":0.1850300133228302},"size":1.2124353647232056,"orthographic":false}