{"cameraMode":{"drawMode":0,"name":"Shaded","section":"Shading Mode"},"sceneLighting":true,"audioPlay":false,"sceneViewState":{"m_AlwaysRefresh":false,"showFog":true,"showSkybox":true,"showFlares":true,"showImageEffects":true,"showParticleSystems":true,"showVisualEffectGraphs":true,"m_FxEnabled":true},"in2DMode":false,"pivot":{"x":0.8806880712509155,"y":0.8201856017112732,"z":17.470909118652345},"rotation":{"x":0.04679077863693237,"y":-0.008681979961693287,"z":0.0004068190755788237,"w":0.9988763332366943},"size":5.116270065307617,"orthographic":false}