{"cameraMode":{"drawMode":0,"name":"Shaded","section":"Shading Mode"},"sceneLighting":true,"audioPlay":false,"sceneViewState":{"m_AlwaysRefresh":false,"showFog":true,"showSkybox":true,"showFlares":true,"showImageEffects":true,"showParticleSystems":true,"showVisualEffectGraphs":true,"m_FxEnabled":false},"in2DMode":false,"pivot":{"x":-2.4046695232391359,"y":2.7852704524993898,"z":-1.33072030544281},"rotation":{"x":0.018180811777710916,"y":-0.9770503044128418,"z":0.19087150692939759,"w":0.09402434527873993},"size":0.3464100658893585,"orthographic":false}