{"cameraMode":{"drawMode":0,"name":"Shaded","section":"Shading Mode"},"sceneLighting":true,"audioPlay":false,"sceneViewState":{"m_AlwaysRefresh":false,"showFog":true,"showSkybox":true,"showFlares":true,"showImageEffects":true,"showParticleSystems":true,"showVisualEffectGraphs":true,"m_FxEnabled":false},"in2DMode":false,"pivot":{"x":-15.728899955749512,"y":-4.243664741516113,"z":-14.045047760009766},"rotation":{"x":0.05419445037841797,"y":-0.9425048232078552,"z":0.19004561007022859,"w":0.26993635296821597},"size":10.449999809265137,"orthographic":false}