{"cameraMode":{"drawMode":0,"name":"Shaded","section":"Shading Mode"},"sceneLighting":true,"audioPlay":false,"sceneViewState":{"m_AlwaysRefresh":false,"showFog":true,"showSkybox":true,"showFlares":true,"showImageEffects":true,"showParticleSystems":true,"showVisualEffectGraphs":true,"m_FxEnabled":false},"in2DMode":false,"pivot":{"x":-64.43782043457031,"y":-1.6614536046981812,"z":14.714154243469239},"rotation":{"x":0.0371168814599514,"y":-0.6723220944404602,"z":0.034084148705005649,"w":0.7387093305587769},"size":19.752708435058595,"orthographic":false}