{"cameraMode":{"drawMode":0,"name":"Shaded","section":"Shading Mode"},"sceneLighting":true,"audioPlay":false,"sceneViewState":{"m_AlwaysRefresh":false,"showFog":true,"showSkybox":true,"showFlares":true,"showImageEffects":true,"showParticleSystems":true,"showVisualEffectGraphs":true,"m_FxEnabled":false},"in2DMode":false,"pivot":{"x":19.920574188232423,"y":12.642904281616211,"z":1.7994475364685059},"rotation":{"x":0.14123177528381349,"y":-0.7252810001373291,"z":0.156545490026474,"w":0.6555505394935608},"size":0.3464100658893585,"orthographic":false}