{"cameraMode":{"drawMode":0,"name":"Shaded","section":"Shading Mode"},"sceneLighting":false,"audioPlay":false,"sceneViewState":{"m_AlwaysRefresh":false,"showFog":true,"showSkybox":false,"showFlares":true,"showImageEffects":true,"showParticleSystems":true,"showVisualEffectGraphs":true,"m_FxEnabled":true},"in2DMode":false,"pivot":{"x":0.2584017217159271,"y":0.1528642624616623,"z":0.16255119442939759},"rotation":{"x":0.13272807002067567,"y":0.513480007648468,"z":-0.08076486736536026,"w":0.8439295887947083},"size":0.908115804195404,"orthographic":false}