{"cameraMode":{"drawMode":0,"name":"Shaded","section":"Shading Mode"},"sceneLighting":false,"audioPlay":false,"sceneViewState":{"m_AlwaysRefresh":false,"showFog":true,"showSkybox":false,"showFlares":true,"showImageEffects":true,"showParticleSystems":true,"showVisualEffectGraphs":true,"m_FxEnabled":true},"in2DMode":false,"pivot":{"x":2.3301334381103517,"y":3.4819693565368654,"z":1.737055778503418},"rotation":{"x":-0.17090557515621186,"y":0.8273614048957825,"z":-0.3476687967777252,"w":-0.40670937299728396},"size":0.2660253643989563,"orthographic":false}