{"cameraMode":{"drawMode":0,"name":"Shaded","section":"Shading Mode"},"sceneLighting":false,"audioPlay":false,"sceneViewState":{"m_AlwaysRefresh":false,"showFog":true,"showSkybox":false,"showFlares":true,"showImageEffects":true,"showParticleSystems":true,"showVisualEffectGraphs":true,"m_FxEnabled":true},"in2DMode":false,"pivot":{"x":0.32700252532958987,"y":0.8304933905601502,"z":0.11732857674360275},"rotation":{"x":-0.08720005303621292,"y":0.30632591247558596,"z":-0.028332877904176713,"w":-0.9475812315940857},"size":0.6081157326698303,"orthographic":false}