{"cameraMode":{"drawMode":0,"name":"Shaded","section":"Shading Mode"},"sceneLighting":false,"audioPlay":false,"sceneViewState":{"m_AlwaysRefresh":false,"showFog":true,"showSkybox":false,"showFlares":true,"showImageEffects":true,"showParticleSystems":true,"showVisualEffectGraphs":true,"m_FxEnabled":true},"in2DMode":false,"pivot":{"x":-0.3612060248851776,"y":32.07344436645508,"z":35.058143615722659},"rotation":{"x":0.05520163103938103,"y":-0.24690544605255128,"z":0.01408339198678732,"w":0.9673726558685303},"size":3.5358874797821047,"orthographic":false}