{"cameraMode":{"drawMode":0,"name":"Shaded","section":"Shading Mode"},"sceneLighting":false,"audioPlay":false,"sceneViewState":{"showFog":true,"showMaterialUpdate":false,"showSkybox":false,"showFlares":true,"showImageEffects":true,"showParticleSystems":true,"showVisualEffectGraphs":true,"m_FxEnabled":true},"in2DMode":false,"pivot":{"x":0.20944130420684815,"y":-0.3737924098968506,"z":0.32213813066482546},"rotation":{"x":0.26420846581459048,"y":0.632980227470398,"z":-0.24390685558319093,"w":0.685616672039032},"size":1.7563269138336182,"orthographic":false}