{"cameraMode":{"drawMode":0,"name":"Shaded","section":"Shading Mode"},"sceneLighting":false,"audioPlay":false,"sceneViewState":{"m_AlwaysRefresh":false,"showFog":true,"showSkybox":false,"showFlares":true,"showImageEffects":true,"showParticleSystems":true,"showVisualEffectGraphs":true,"m_FxEnabled":true},"in2DMode":false,"pivot":{"x":-5.622344017028809,"y":-0.5223128199577332,"z":0.04627806320786476},"rotation":{"x":0.29036110639572146,"y":-0.4052997827529907,"z":0.13817289471626283,"w":0.8559799790382385},"size":3.0146520137786867,"orthographic":false}