{"cameraMode":{"drawMode":0,"name":"Shaded","section":"Shading Mode"},"sceneLighting":false,"audioPlay":false,"sceneViewState":{"m_AlwaysRefresh":false,"showFog":true,"showSkybox":false,"showFlares":true,"showImageEffects":true,"showParticleSystems":true,"showVisualEffectGraphs":true,"m_FxEnabled":true},"in2DMode":false,"pivot":{"x":0.3087211847305298,"y":0.5962191224098206,"z":0.12581463158130647},"rotation":{"x":-0.17827896773815156,"y":0.3532836437225342,"z":-0.06893030554056168,"w":-0.9158644676208496},"size":0.6081157326698303,"orthographic":false}