{"cameraMode":{"drawMode":0,"name":"Shaded","section":"Shading Mode"},"sceneLighting":false,"audioPlay":false,"sceneViewState":{"showFog":true,"showMaterialUpdate":false,"showSkybox":false,"showFlares":true,"showImageEffects":true,"showParticleSystems":true,"showVisualEffectGraphs":true,"m_FxEnabled":true},"in2DMode":false,"pivot":{"x":0.0008324086666107178,"y":-0.007469072937965393,"z":0.15041160583496095},"rotation":{"x":0.08117374777793884,"y":0.7689951658248901,"z":-0.09980307519435883,"w":0.6261782050132752},"size":0.2585673928260803,"orthographic":false}