{"cameraMode":{"drawMode":0,"name":"Shaded","section":"Shading Mode"},"sceneLighting":false,"audioPlay":false,"sceneViewState":{"m_AlwaysRefresh":false,"showFog":true,"showSkybox":false,"showFlares":true,"showImageEffects":true,"showParticleSystems":true,"showVisualEffectGraphs":true,"m_FxEnabled":true},"in2DMode":false,"pivot":{"x":0.47131460905075076,"y":0.1749226301908493,"z":0.5267935395240784},"rotation":{"x":-0.002326492452993989,"y":0.6312251687049866,"z":0.0018936444539576769,"w":0.7756402492523193},"size":0.5861890316009522,"orthographic":false}