{"cameraMode":{"drawMode":0,"name":"Shaded","section":"Shading Mode"},"sceneLighting":false,"audioPlay":false,"sceneViewState":{"m_AlwaysRefresh":false,"showFog":true,"showSkybox":false,"showFlares":true,"showImageEffects":true,"showParticleSystems":true,"showVisualEffectGraphs":true,"m_FxEnabled":true},"in2DMode":false,"pivot":{"x":-0.7990679740905762,"y":0.611497163772583,"z":-0.07229485362768173},"rotation":{"x":0.0882168635725975,"y":0.7496199011802673,"z":-0.10205473750829697,"w":0.6479784250259399},"size":1.2124354839324952,"orthographic":false}