{"cameraMode":{"drawMode":0,"name":"Shaded","section":"Shading Mode"},"sceneLighting":false,"audioPlay":false,"sceneViewState":{"showFog":true,"showMaterialUpdate":false,"showSkybox":false,"showFlares":true,"showImageEffects":true,"showParticleSystems":true,"showVisualEffectGraphs":true,"m_FxEnabled":true},"in2DMode":false,"pivot":{"x":-1.9922536611557007,"y":0.46980684995651247,"z":-0.1028706356883049},"rotation":{"x":0.04177205264568329,"y":0.6559101939201355,"z":-0.03650426119565964,"w":0.7528001666069031},"size":0.22585946321487428,"orthographic":false}