{"cameraMode":{"drawMode":0,"name":"Shaded","section":"Shading Mode"},"sceneLighting":false,"audioPlay":false,"sceneViewState":{"showFog":true,"showMaterialUpdate":false,"showSkybox":false,"showFlares":true,"showImageEffects":true,"showParticleSystems":true,"showVisualEffectGraphs":true,"m_FxEnabled":true},"in2DMode":false,"pivot":{"x":0.0008324086666107178,"y":-0.007469072937965393,"z":0.15041160583496095},"rotation":{"x":-0.2559932768344879,"y":0.6770814657211304,"z":-0.27353426814079287,"w":-0.6334166526794434},"size":0.2585674226284027,"orthographic":false}