{"cameraMode":{"drawMode":0,"name":"Shaded","section":"Shading Mode"},"sceneLighting":false,"audioPlay":false,"sceneViewState":{"m_AlwaysRefresh":false,"showFog":true,"showSkybox":false,"showFlares":true,"showImageEffects":true,"showParticleSystems":true,"showVisualEffectGraphs":true,"m_FxEnabled":true},"in2DMode":false,"pivot":{"x":0.06730480492115021,"y":0.2310028374195099,"z":0.02962404116988182},"rotation":{"x":0.22088851034641267,"y":0.6154674291610718,"z":-0.1853470653295517,"w":0.733532190322876},"size":0.6081157326698303,"orthographic":false}