{"cameraMode":{"drawMode":0,"name":"Shaded","section":"Shading Mode"},"sceneLighting":false,"audioPlay":false,"sceneViewState":{"showFog":true,"showMaterialUpdate":false,"showSkybox":false,"showFlares":true,"showImageEffects":true,"showParticleSystems":true,"showVisualEffectGraphs":true,"m_FxEnabled":true},"in2DMode":false,"pivot":{"x":12.042542457580567,"y":0.11469745635986328,"z":-11.625609397888184},"rotation":{"x":0.4899401366710663,"y":-0.03151897341012955,"z":0.017943279817700387,"w":0.8710412383079529},"size":16.73889923095703,"orthographic":false}