{"cameraMode":{"drawMode":0,"name":"Shaded","section":"Shading Mode"},"sceneLighting":false,"audioPlay":false,"sceneViewState":{"showFog":true,"showMaterialUpdate":false,"showSkybox":false,"showFlares":true,"showImageEffects":true,"showParticleSystems":true,"showVisualEffectGraphs":true,"m_FxEnabled":true},"in2DMode":false,"pivot":{"x":0.10103774070739746,"y":0.21139374375343324,"z":0.3498389422893524},"rotation":{"x":0.04119560122489929,"y":-0.9549446702003479,"z":0.24739226698875428,"w":0.15870581567287446},"size":0.07655858993530274,"orthographic":false}