{"cameraMode":{"drawMode":0,"name":"Shaded","section":"Shading Mode"},"sceneLighting":false,"audioPlay":false,"sceneViewState":{"showFog":true,"showMaterialUpdate":false,"showSkybox":false,"showFlares":true,"showImageEffects":true,"showParticleSystems":true,"showVisualEffectGraphs":true,"m_FxEnabled":true},"in2DMode":false,"pivot":{"x":-0.05682896822690964,"y":1.0409520864486695,"z":-0.7132623791694641},"rotation":{"x":0.24905003607273103,"y":-0.6024471521377564,"z":0.20555368065834046,"w":0.7299345135688782},"size":1.8124353885650635,"orthographic":false}