{"cameraMode":{"drawMode":0,"name":"Shaded","section":"Shading Mode"},"sceneLighting":false,"audioPlay":false,"sceneViewState":{"showFog":true,"showMaterialUpdate":false,"showSkybox":false,"showFlares":true,"showImageEffects":true,"showParticleSystems":true,"showVisualEffectGraphs":true,"m_FxEnabled":true},"in2DMode":false,"pivot":{"x":-0.13781118392944337,"y":0.20216339826583863,"z":0.10450345277786255},"rotation":{"x":0.18013642728328706,"y":-0.7395638823509216,"z":0.21812798082828523,"w":0.6107507944107056},"size":0.5163083076477051,"orthographic":false}