{"cameraMode":{"drawMode":0,"name":"Shaded","section":"Shading Mode"},"sceneLighting":false,"audioPlay":false,"sceneViewState":{"showFog":true,"showMaterialUpdate":false,"showSkybox":false,"showFlares":true,"showImageEffects":true,"showParticleSystems":true,"showVisualEffectGraphs":true,"m_FxEnabled":true},"in2DMode":false,"pivot":{"x":-0.0003000013530254364,"y":0.1882999837398529,"z":0.16899999976158143},"rotation":{"x":0.03820719197392464,"y":0.9260460734367371,"z":-0.097596175968647,"w":0.36258602142333987},"size":0.2667347192764282,"orthographic":false}