{"cameraMode":{"drawMode":0,"name":"Shaded","section":"Shading Mode"},"sceneLighting":false,"audioPlay":false,"sceneViewState":{"showFog":true,"showMaterialUpdate":false,"showSkybox":false,"showFlares":true,"showImageEffects":true,"showParticleSystems":true,"showVisualEffectGraphs":true,"m_FxEnabled":true},"in2DMode":false,"pivot":{"x":0.34761980175971987,"y":0.10925315320491791,"z":0.20492300391197205},"rotation":{"x":-0.13836653530597688,"y":0.6586108803749085,"z":-0.12491022795438767,"w":-0.7290364503860474},"size":0.23043644428253175,"orthographic":false}