{"cameraMode":{"drawMode":0,"name":"Shaded","section":"Shading Mode"},"sceneLighting":false,"audioPlay":false,"sceneViewState":{"showFog":true,"showMaterialUpdate":false,"showSkybox":false,"showFlares":true,"showImageEffects":true,"showParticleSystems":true,"showVisualEffectGraphs":true,"m_FxEnabled":true},"in2DMode":false,"pivot":{"x":-0.14230644702911378,"y":0.07355732470750809,"z":-0.08432730287313461},"rotation":{"x":-0.125067800283432,"y":0.7286156415939331,"z":-0.13821421563625337,"w":-0.6590345501899719},"size":0.6781646013259888,"orthographic":false}