{"cameraMode":{"drawMode":0,"name":"Shaded","section":"Shading Mode"},"sceneLighting":false,"audioPlay":false,"sceneViewState":{"showFog":true,"showMaterialUpdate":false,"showSkybox":false,"showFlares":true,"showImageEffects":true,"showParticleSystems":true,"showVisualEffectGraphs":true,"m_FxEnabled":true},"in2DMode":false,"pivot":{"x":27.565317153930665,"y":-14.487627983093262,"z":-1.0793098211288453},"rotation":{"x":0.4899401366710663,"y":-0.03151897341012955,"z":0.017943279817700387,"w":0.8710412383079529},"size":38.24878692626953,"orthographic":false}