{"cameraMode":{"drawMode":0,"name":"Shaded","section":"Shading Mode"},"sceneLighting":false,"audioPlay":false,"sceneViewState":{"showFog":true,"showMaterialUpdate":false,"showSkybox":false,"showFlares":true,"showImageEffects":true,"showParticleSystems":true,"showVisualEffectGraphs":true,"m_FxEnabled":true},"in2DMode":false,"pivot":{"x":-0.175822913646698,"y":-0.002480864292010665,"z":0.04290369153022766},"rotation":{"x":0.19155870378017426,"y":0.44059744477272036,"z":-0.09680779278278351,"w":0.8716903924942017},"size":0.5547467470169067,"orthographic":false}